Workbook

Sheet Annual
A1: Phillips curve for Colombia: annual averages, 2001 to 2025
A2: Percent. Annual figures are the average of the twelve monthly values on the Monthly sheet.
A4: Year | B4: Unemployment rate | C4: Annual inflation | D4: Inflation, December | F4: Relationship: inflation = a + b x unemployment
A5: 2001 | B5: =AVERAGEIFS(Monthly!$C$5:$C$304,Monthly!$B$5:$B$304,A5) -> 14.975 | C5: =AVERAGEIFS(Monthly!$D$5:$D$304,Monthly!$B$5:$B$304,A5) -> 7.9725 | D5: =Monthly!D16 -> 7.65 | F5: Period | G5: Slope (b) | H5: Intercept (a) | I5: Correlation | J5: R squared
A6: 2002 | B6: =AVERAGEIFS(Monthly!$C$5:$C$304,Monthly!$B$5:$B$304,A6) -> 15.6375 | C6: =AVERAGEIFS(Monthly!$D$5:$D$304,Monthly!$B$5:$B$304,A6) -> 6.3533333 | D6: =Monthly!D28 -> 6.99 | F6: 2001 to 2025, all years | G6: =SLOPE($C$5:$C$29,$B$5:$B$29) -> 0.021020912 | H6: =INTERCEPT($C$5:$C$29,$B$5:$B$29) -> 4.9787648 | I6: =CORREL($B$5:$B$29,$C$5:$C$29) -> 0.018207093 | J6: =RSQ($C$5:$C$29,$B$5:$B$29) -> 0.00033149823
A7: 2003 | B7: =AVERAGEIFS(Monthly!$C$5:$C$304,Monthly!$B$5:$B$304,A7) -> 14.083333 | C7: =AVERAGEIFS(Monthly!$D$5:$D$304,Monthly!$B$5:$B$304,A7) -> 7.1358333 | D7: =Monthly!D40 -> 6.49 | F7: 2001 to 2009 | G7: =SLOPE($C$5:$C$13,$B$5:$B$13) -> 0.44720755 | H7: =INTERCEPT($C$5:$C$13,$B$5:$B$13) -> 0.12375989 | I7: =CORREL($B$5:$B$13,$C$5:$C$13) -> 0.55713001 | J7: =RSQ($C$5:$C$13,$B$5:$B$13) -> 0.31039385
A8: 2004 | B8: =AVERAGEIFS(Monthly!$C$5:$C$304,Monthly!$B$5:$B$304,A8) -> 13.620833 | C8: =AVERAGEIFS(Monthly!$D$5:$D$304,Monthly!$B$5:$B$304,A8) -> 5.9066667 | D8: =Monthly!D52 -> 5.5 | F8: 2010 to 2019 | G8: =SLOPE($C$14:$C$23,$B$14:$B$23) -> -0.85398758 | H8: =INTERCEPT($C$14:$C$23,$B$14:$B$23) -> 12.470906 | I8: =CORREL($B$14:$B$23,$C$14:$C$23) -> -0.47685063 | J8: =RSQ($C$14:$C$23,$B$14:$B$23) -> 0.22738652
A9: 2005 | B9: =AVERAGEIFS(Monthly!$C$5:$C$304,Monthly!$B$5:$B$304,A9) -> 11.825833 | C9: =AVERAGEIFS(Monthly!$D$5:$D$304,Monthly!$B$5:$B$304,A9) -> 5.0516667 | D9: =Monthly!D64 -> 4.85 | F9: 2022 to 2025 | G9: =SLOPE($C$26:$C$29,$B$26:$B$29) -> 2.2088207 | H9: =INTERCEPT($C$26:$C$29,$B$26:$B$29) -> -13.910231 | I9: =CORREL($B$26:$B$29,$C$26:$C$29) -> 0.68410732 | J9: =RSQ($C$26:$C$29,$B$26:$B$29) -> 0.46800283
A10: 2006 | B10: =AVERAGEIFS(Monthly!$C$5:$C$304,Monthly!$B$5:$B$304,A10) -> 12.056667 | C10: =AVERAGEIFS(Monthly!$D$5:$D$304,Monthly!$B$5:$B$304,A10) -> 4.2966667 | D10: =Monthly!D76 -> 4.48
A11: 2007 | B11: =AVERAGEIFS(Monthly!$C$5:$C$304,Monthly!$B$5:$B$304,A11) -> 11.298333 | C11: =AVERAGEIFS(Monthly!$D$5:$D$304,Monthly!$B$5:$B$304,A11) -> 5.5425 | D11: =Monthly!D88 -> 5.69 | F11: A negative slope is what the Phillips curve predicts: lower unemployment with higher inflation.
A12: 2008 | B12: =AVERAGEIFS(Monthly!$C$5:$C$304,Monthly!$B$5:$B$304,A12) -> 11.39 | C12: =AVERAGEIFS(Monthly!$D$5:$D$304,Monthly!$B$5:$B$304,A12) -> 6.99 | D12: =Monthly!D100 -> 7.67
A13: 2009 | B13: =AVERAGEIFS(Monthly!$C$5:$C$304,Monthly!$B$5:$B$304,A13) -> 12.215833 | C13: =AVERAGEIFS(Monthly!$D$5:$D$304,Monthly!$B$5:$B$304,A13) -> 4.2341667 | D13: =Monthly!D112 -> 2
A14: 2010 | B14: =AVERAGEIFS(Monthly!$C$5:$C$304,Monthly!$B$5:$B$304,A14) -> 11.994167 | C14: =AVERAGEIFS(Monthly!$D$5:$D$304,Monthly!$B$5:$B$304,A14) -> 2.2708333 | D14: =Monthly!D124 -> 3.17
A15: 2011 | B15: =AVERAGEIFS(Monthly!$C$5:$C$304,Monthly!$B$5:$B$304,A15) -> 11.068333 | C15: =AVERAGEIFS(Monthly!$D$5:$D$304,Monthly!$B$5:$B$304,A15) -> 3.415 | D15: =Monthly!D136 -> 3.73
A16: 2012 | B16: =AVERAGEIFS(Monthly!$C$5:$C$304,Monthly!$B$5:$B$304,A16) -> 10.628333 | C16: =AVERAGEIFS(Monthly!$D$5:$D$304,Monthly!$B$5:$B$304,A16) -> 3.1708333 | D16: =Monthly!D148 -> 2.44
A17: 2013 | B17: =AVERAGEIFS(Monthly!$C$5:$C$304,Monthly!$B$5:$B$304,A17) -> 9.9091667 | C17: =AVERAGEIFS(Monthly!$D$5:$D$304,Monthly!$B$5:$B$304,A17) -> 2.0183333 | D17: =Monthly!D160 -> 1.94
A18: 2014 | B18: =AVERAGEIFS(Monthly!$C$5:$C$304,Monthly!$B$5:$B$304,A18) -> 9.4083333 | C18: =AVERAGEIFS(Monthly!$D$5:$D$304,Monthly!$B$5:$B$304,A18) -> 2.8975 | D18: =Monthly!D172 -> 3.66
A19: 2015 | B19: =AVERAGEIFS(Monthly!$C$5:$C$304,Monthly!$B$5:$B$304,A19) -> 9.1975 | C19: =AVERAGEIFS(Monthly!$D$5:$D$304,Monthly!$B$5:$B$304,A19) -> 4.9841667 | D19: =Monthly!D184 -> 6.77
A20: 2016 | B20: =AVERAGEIFS(Monthly!$C$5:$C$304,Monthly!$B$5:$B$304,A20) -> 9.545 | C20: =AVERAGEIFS(Monthly!$D$5:$D$304,Monthly!$B$5:$B$304,A20) -> 7.5233333 | D20: =Monthly!D196 -> 5.75
A21: 2017 | B21: =AVERAGEIFS(Monthly!$C$5:$C$304,Monthly!$B$5:$B$304,A21) -> 9.6758333 | C21: =AVERAGEIFS(Monthly!$D$5:$D$304,Monthly!$B$5:$B$304,A21) -> 4.3216667 | D21: =Monthly!D208 -> 4.09
A22: 2018 | B22: =AVERAGEIFS(Monthly!$C$5:$C$304,Monthly!$B$5:$B$304,A22) -> 9.9666667 | C22: =AVERAGEIFS(Monthly!$D$5:$D$304,Monthly!$B$5:$B$304,A22) -> 3.2425 | D22: =Monthly!D220 -> 3.18
A23: 2019 | B23: =AVERAGEIFS(Monthly!$C$5:$C$304,Monthly!$B$5:$B$304,A23) -> 10.8875 | C23: =AVERAGEIFS(Monthly!$D$5:$D$304,Monthly!$B$5:$B$304,A23) -> 3.5183333 | D23: =Monthly!D232 -> 3.8
A24: 2020 | B24: =AVERAGEIFS(Monthly!$C$5:$C$304,Monthly!$B$5:$B$304,A24) -> 16.6675 | C24: =AVERAGEIFS(Monthly!$D$5:$D$304,Monthly!$B$5:$B$304,A24) -> 2.535 | D24: =Monthly!D244 -> 1.61
A25: 2021 | B25: =AVERAGEIFS(Monthly!$C$5:$C$304,Monthly!$B$5:$B$304,A25) -> 13.810833 | C25: =AVERAGEIFS(Monthly!$D$5:$D$304,Monthly!$B$5:$B$304,A25) -> 3.4941667 | D25: =Monthly!D256 -> 5.62
A26: 2022 | B26: =AVERAGEIFS(Monthly!$C$5:$C$304,Monthly!$B$5:$B$304,A26) -> 11.218333 | C26: =AVERAGEIFS(Monthly!$D$5:$D$304,Monthly!$B$5:$B$304,A26) -> 10.150833 | D26: =Monthly!D268 -> 13.12
A27: 2023 | B27: =AVERAGEIFS(Monthly!$C$5:$C$304,Monthly!$B$5:$B$304,A27) -> 10.164167 | C27: =AVERAGEIFS(Monthly!$D$5:$D$304,Monthly!$B$5:$B$304,A27) -> 11.774167 | D27: =Monthly!D280 -> 9.28
A28: 2024 | B28: =AVERAGEIFS(Monthly!$C$5:$C$304,Monthly!$B$5:$B$304,A28) -> 10.165833 | C28: =AVERAGEIFS(Monthly!$D$5:$D$304,Monthly!$B$5:$B$304,A28) -> 6.6291667 | D28: =Monthly!D292 -> 5.2
A29: 2025 | B29: =AVERAGEIFS(Monthly!$C$5:$C$304,Monthly!$B$5:$B$304,A29) -> 8.8975 | C29: =AVERAGEIFS(Monthly!$D$5:$D$304,Monthly!$B$5:$B$304,A29) -> 5.1425 | D29: =Monthly!D304 -> 5.1

Sheet Monthly
A1: Colombia: monthly unemployment rate and annual inflation, 2001 to 2025
A2: Percent. Blue figures are source data (DANE, retrieved from the Banco de la Republica statistical catalogue).
A4: Month | B4: Year | C4: Unemployment rate | D4: Annual inflation (CPI)
A5: 36922 | B5: 2001 | C5: 16.62 | D5: 8.49
A6: 36950 | B6: 2001 | C6: 17.43 | D6: 8.06
A7: 36981 | B7: 2001 | C7: 15.81 | D7: 7.81
A8: 37011 | B8: 2001 | C8: 14.52 | D8: 7.98
A9: 37042 | B9: 2001 | C9: 14.04 | D9: 7.87
A10: 37072 | B10: 2001 | C10: 15.31 | D10: 7.93
A11: 37103 | B11: 2001 | C11: 15.18 | D11: 8.09
A12: 37134 | B12: 2001 | C12: 14.91 | D12: 8.03
A13: 37164 | B13: 2001 | C13: 14.07 | D13: 7.97
A14: 37195 | B14: 2001 | C14: 14.52 | D14: 8.01
A15: 37225 | B15: 2001 | C15: 13.68 | D15: 7.78
A16: 37256 | B16: 2001 | C16: 13.61 | D16: 7.65
... A304: 46022 | B304: 2025 | C304: 7.98 | D304: 5.1

Sheet Notes
A1: Notes
A2: Definitions
A3: Unemployment rate: national total, monthly, from DANE's household survey (GEIH). Not seasonally adjusted.
A4: Annual inflation: 12-month change in the consumer price index (CPI) calculated by DANE.
A5: The Phillips curve describes an inverse short-run relationship between unemployment and inflation.
A7: Points to keep in mind
A8: Annual averages are used because the monthly unemployment rate is strongly seasonal (it peaks every January).
A9: The relationship is a simple linear regression of inflation on unemployment. It describes an association and does not prove causation.
A10: 2020 and 2021 are affected by the pandemic: unemployment rose sharply while inflation fell.
A11: The period regressions use few observations (4 to 10 years each), so they should be read as descriptive.
A13: Source
A14: DANE, retrieved from the Banco de la Republica statistical catalogue: series 15312 (unemployment rate, national total) and series 15270 (total annual inflation).
A15: Retrieved on 2026-10-13.
